{
  "ext/controller/LecturerListController.controller.js.map": 1727107097381,
  "Component.js": 1724308328555,
  "ext/controller/LecturerObjectController.controller.js": 1724308797166,
  "ext/controller/LecturerListController.controller.js": 1724308787642,
  "manifest.json": 1727107097196,
  "ext/fragment/FileAttachment.js": 1724316991273,
  "ext/fragment/FileAttachment-dbg.js": 1724316991273,
  "ext/fragment/FileAttachment.js.map": 1727107097365,
  "ext/controller/LecturerObjectController-dbg.controller.js": 1724308797166,
  "ext/controller/LecturerObjectController.controller.js.map": 1727107097378,
  "ext/controller/LecturerListController-dbg.controller.js": 1724308787642,
  "i18n/i18n.properties": 1724308352319,
  "Component-dbg.js": 1724308328555,
  "Component.js.map": 1727107097356,
  "Component-preload.js": 1727107097588,
  "Component-preload.js.map": 1727107097588,
  "ext/fragment/FileAttachment.fragment.xml": 1724309622184,
  "index.html": 1724308328555
}