{
  "ext/controller/TeacherObjectContreoller-dbg.controller.js": 1724410712251,
  "ext/controller/TeacherObjectContreoller.controller.js": 1724410712251,
  "ext/view/Attachment.controller.js": 1723915376267,
  "ext/controller/TeacherListController.controller.js": 1724410719407,
  "ext/fragment/AttachFiles.js": 1724322623327,
  "manifest.json": 1724410760290,
  "Component.js": 1721915458557,
  "ext/fragment/AttachFiles-dbg.js": 1724322623327,
  "ext/fragment/AttachFiles.js.map": 1724410760453,
  "ext/view/Attachment-dbg.controller.js": 1723915376267,
  "ext/view/Attachment.controller.js.map": 1724410760449,
  "ext/controller/TeacherListController-dbg.controller.js": 1724410719407,
  "ext/controller/TeacherListController.controller.js.map": 1724410760458,
  "i18n/i18n.properties": 1724315931175,
  "ext/controller/TeacherObjectContreoller.controller.js.map": 1724410760469,
  "Component-dbg.js": 1721915458557,
  "Component.js.map": 1724410760452,
  "Component-preload.js": 1724410760681,
  "Component-preload.js.map": 1724410760681,
  "ext/view/Attachment.view.xml": 1723915376263,
  "ext/fragment/AttachFiles.fragment.xml": 1724319448929,
  "index.html": 1721915458557
}