{
  "ext/controller/TeacherObjectContreoller.controller.js": 1727071268116,
  "manifest.json": 1727107087195,
  "ext/fragment/AttachFiles.js": 1727071280297,
  "i18n/i18n.properties": 1727071304457,
  "ext/controller/TeacherListController.controller.js": 1727071248656,
  "ext/view/Attachment.controller.js": 1727071283661,
  "Component.js": 1727071123307,
  "ext/controller/TeacherListController-dbg.controller.js": 1727071248656,
  "ext/controller/TeacherListController.controller.js.map": 1727107087367,
  "ext/controller/TeacherObjectContreoller-dbg.controller.js": 1727071268116,
  "ext/controller/TeacherObjectContreoller.controller.js.map": 1727107087380,
  "ext/fragment/AttachFiles-dbg.js": 1727071280297,
  "ext/fragment/AttachFiles.js.map": 1727107087366,
  "ext/view/Attachment-dbg.controller.js": 1727071283661,
  "ext/view/Attachment.controller.js.map": 1727107087354,
  "Component-dbg.js": 1727071123307,
  "Component.js.map": 1727107087355,
  "Component-preload.js": 1727107087588,
  "Component-preload.js.map": 1727107087588,
  "ext/fragment/AttachFiles.fragment.xml": 1727071272193,
  "ext/view/Attachment.view.xml": 1727071286757,
  "index.html": 1727071155046
}