{
  "ext/controller/ListController.controller.js": 1726120018423,
  "i18n/i18n.properties": 1724316037667,
  "ext/controller/ObjectController.controller.js": 1724742693444,
  "manifest.json": 1727107083832,
  "Component.js": 1722337010559,
  "ext/controller/ListController-dbg.controller.js": 1726120018423,
  "ext/controller/ListController.controller.js.map": 1727107083991,
  "ext/controller/ObjectController-dbg.controller.js": 1724742693444,
  "ext/controller/ObjectController.controller.js.map": 1727107083994,
  "Component-dbg.js": 1722337010559,
  "Component.js.map": 1727107083978,
  "Component-preload.js": 1727107084189,
  "Component-preload.js.map": 1727107084190,
  "index.html": 1722333314468
}