{
  "model/models.js": 1724837463050,
  "utils/locate-reuse-libs.js": 1724837463046,
  "i18n/i18n.properties": 1724837463046,
  "controller/MyTaskUI.controller.js": 1724837463058,
  "controller/App.controller.js": 1724837463050,
  "manifest.json": 1724838751295,
  "controller/App-dbg.controller.js": 1724837463050,
  "controller/App.controller.js.map": 1724838751460,
  "model/models-dbg.js": 1724837463050,
  "model/models.js.map": 1724838751464,
  "controller/MyTaskUI-dbg.controller.js": 1724837463058,
  "controller/MyTaskUI.controller.js.map": 1724838751458,
  "utils/locate-reuse-libs-dbg.js": 1724837463046,
  "utils/locate-reuse-libs.js.map": 1724838751499,
  "Component-preload.js": 1724838751564,
  "Component-preload.js.map": 1724838751564,
  "view/App.view.xml": 1724838583402,
  "css/style.css": 1724837463054,
  "index.html": 1724837463042
}