{
  "index.html": 1722333314468,
  "ext/controller/ObjectController.controller.js": 1723787003605,
  "ext/controller/ListController.controller.js": 1723780888587,
  "manifest.json": 1724410756990,
  "Component.js": 1722337010559,
  "ext/controller/ObjectController-dbg.controller.js": 1723787003605,
  "ext/controller/ObjectController.controller.js.map": 1724410757167,
  "ext/controller/ListController-dbg.controller.js": 1723780888587,
  "ext/controller/ListController.controller.js.map": 1724410757167,
  "Component-dbg.js": 1722337010559,
  "Component.js.map": 1724410757147,
  "Component-preload.js": 1724410757376,
  "Component-preload.js.map": 1724410757376,
  "i18n/i18n.properties": 1724316037667
}